reco_slug,page_meta_title,page_meta_description,page_meta_keywords,main_description_md,section_order,section_title,section_content_markdown
python-crash-course,Python Crash Course Book Review,"Review and details of Python Crash Course, 3rd Edition by Eric Matthes. A top pick for learning Python programming.","Python, programming, book, beginner, project-based learning, Eric Matthes",This book is my top recommendation for anyone wanting to learn Python, especially if you enjoy a hands-on approach. It's split into two parts: the first covers fundamental Python concepts, and the second walks you through three substantial projects (a game, data visualization, and a web application).,1.0,Part 1: The Basics,"Covers variables, data types, lists, dictionaries, if statements, loops, functions, classes, testing, and file handling. Each chapter is clear and builds effectively on the previous ones."
python-crash-course,,,,Part 1 is very well structured.,1.1,Key Concepts Covered in Part 1,"- Variables and Simple Data Types
- Introducing Lists, Tuples
- Working with Dictionaries
- User Input and `while` Loops
- Functions
- Classes (Object-Oriented Programming)
- Files and Exceptions
- Testing Your Code"
python-crash-course,,,,Part 2 is where the fun really begins.,2.0,Part 2: Projects,"This section is invaluable. You apply what you've learned to build:
1.  **Alien Invasion Game**: Using Pygame, you'll create a 2D space shooter.
2.  **Data Visualization**: Working with libraries like Matplotlib and Plotly to analyze data and create graphs (e.g., weather data, random walks).
3.  **Web Applications with Django**: A basic introduction to building a web app with Django.

This project-based learning is incredibly effective for retention."
django-for-professionals,Django for Professionals Book Guide,"Guide to 'Django for Professionals' by William S. Vincent. Learn to build production-grade Django web apps.","Django, Python, web development, book, advanced, Docker, PostgreSQL, testing","'Django for Professionals' takes you beyond basic tutorials and into the world of building robust, deployable web applications. It covers best practices for project structure, settings management, user authentication, testing, and deployment using Docker and PostgreSQL. Highly recommended after you've grasped Django fundamentals.",,,
scikit-learn-docs,Scikit-learn Official Documentation,"The comprehensive user guide for Scikit-learn, the go-to Python library for machine learning. Essential for understanding algorithms and their usage.","Scikit-learn, machine learning, Python, documentation, API, user guide, algorithms","The Scikit-learn documentation is a gold standard. It's not just an API reference; it's a user guide that explains the concepts behind each algorithm, provides usage examples, and discusses pros/cons. Whenever you're using a Scikit-learn model or preprocessor, the official docs should be your first stop for detailed information.",,,
render-hosting,Render Cloud Hosting Review,"Review of Render.com as a PaaS for deploying web applications, including Django and Node.js projects.","Render, PaaS, cloud hosting, deployment, Django, Node.js, web services, PostgreSQL","Render is a modern cloud platform that simplifies deployment and hosting. It offers a great developer experience, straightforward pricing, and good support for Python/Django applications. Features like managed PostgreSQL, Redis, cron jobs, and auto-deploys from Git make it a strong contender for many projects. I use it for several of my own applications.",1.0,Key Features,"- **Ease of Use**: Intuitive UI and `render.yaml` for infrastructure as code.
- **Git Integration**: Automatic deploys from GitHub/GitLab.
- **Managed Services**: PostgreSQL, Redis, private networking.
- **Free Tiers**: Generous free tiers for web services, databases, and Redis, great for hobby projects and testing.
- **Scalability**: Easy to scale services up or down.
- **Custom Domains & SSL**: Simple setup for custom domains with free SSL."
render-hosting,,,,It's a great alternative to Heroku.,2.0,Why Choose Render?,"If you're looking for a Heroku alternative with more predictable pricing and a focus on modern development workflows, Render is an excellent choice. The learning curve is gentle, and it handles much of the operational overhead for you."
deep-learning-ai-spec,Deep Learning Specialization by Andrew Ng (Coursera),"Overview of the Deep Learning Specialization on Coursera by Andrew Ng and DeepLearning.AI. A foundational course series for understanding deep neural networks.","Deep Learning, Coursera, Andrew Ng, Neural Networks, CNN, RNN, AI, machine learning, online course","This specialization is a cornerstone for anyone serious about understanding and implementing deep learning models. Andrew Ng's explanations are famously clear. It covers:
1. Neural Networks and Deep Learning
2. Improving Deep Neural Networks: Hyperparameter Tuning, Regularization and Optimization
3. Structuring Machine Learning Projects
4. Convolutional Neural Networks (CNNs)
5. Sequence Models (RNNs, LSTMs)

The courses involve programming assignments in Python using NumPy and later TensorFlow/Keras.",,,
